run_name,reward_mode,seed,topology_seed,episodes,native_return,native_return_std,native_return_median,success_rate,steps_to_goal,median_steps_to_goal,mean_cvss_exploited,hvt_hit_rate,max_cvss_exploited,hosts_compromised,discovered_hosts,tactic_coverage,total_shaped_return,failure_reasons,converged,convergence_detail
experiment_01-sparse-s42-t42,sparse,42,42,10,-167.1,194.1141989196623,-86.5,1.0,157.3,126.5,8.02947619047619,0.5,9.8,6.0,52.8,0.0,2.7,{},False,"{""checks"": {""no_negative_trend"": true, ""plateaued"": true, ""spread_within_threshold"": false}, ""criterion"": {""max_improvement_ratio"": 0.1, ""max_negative_slope"": 0.0, ""max_relative_std"": 0.35, ""min_episodes"": 10, ""window"": 0.2}, ""improvement_vs_previous_window"": 0.024, ""normalised_slope"": 0.01385, ""reason"": ""spread_within_threshold"", ""relative_std"": 1.0687, ""window_episodes"": 35, ""window_mean"": -168.143}"
experiment_01-sparse-s43-t42,sparse,43,42,10,-52.5,134.9652218577479,-20.0,1.0,109.2,96.5,7.542833333333332,0.4,9.8,5.4,52.0,0.0,2.5,{},False,"{""checks"": {""no_negative_trend"": true, ""plateaued"": true, ""spread_within_threshold"": false}, ""criterion"": {""max_improvement_ratio"": 0.1, ""max_negative_slope"": 0.0, ""max_relative_std"": 0.35, ""min_episodes"": 10, ""window"": 0.2}, ""improvement_vs_previous_window"": 0.0993, ""normalised_slope"": 0.000559, ""reason"": ""spread_within_threshold"", ""relative_std"": 0.8512, ""window_episodes"": 39, ""window_mean"": -121.615}"
experiment_01-sparse-s44-t42,sparse,44,42,10,-154.9,127.9239791612364,-131.0,1.0,153.2,142.0,7.809666666666667,0.7,9.8,5.7,45.6,0.0,2.4,{},False,"{""checks"": {""no_negative_trend"": true, ""plateaued"": false, ""spread_within_threshold"": false}, ""criterion"": {""max_improvement_ratio"": 0.1, ""max_negative_slope"": 0.0, ""max_relative_std"": 0.35, ""min_episodes"": 10, ""window"": 0.2}, ""improvement_vs_previous_window"": 0.3252, ""normalised_slope"": 0.036547, ""reason"": ""spread_within_threshold, plateaued"", ""relative_std"": 0.7035, ""window_episodes"": 26, ""window_mean"": -229.0}"
experiment_01-sparse-s45-t42,sparse,45,42,10,-75.2,108.3490245046586,-77.5,1.0,121.3,120.5,8.19452380952381,0.9,9.8,5.6,59.2,0.0,2.7,{},False,"{""checks"": {""no_negative_trend"": true, ""plateaued"": false, ""spread_within_threshold"": false}, ""criterion"": {""max_improvement_ratio"": 0.1, ""max_negative_slope"": 0.0, ""max_relative_std"": 0.35, ""min_episodes"": 10, ""window"": 0.2}, ""improvement_vs_previous_window"": 0.506, ""normalised_slope"": 0.02215, ""reason"": ""spread_within_threshold, plateaued"", ""relative_std"": 0.8804, ""window_episodes"": 29, ""window_mean"": -129.655}"
experiment_01-sparse-s46-t42,sparse,46,42,10,8.7,73.90391660046772,21.0,1.0,88.7,88.0,7.885666666666667,0.6,9.8,5.4,56.0,0.0,2.2,{},False,"{""checks"": {""no_negative_trend"": true, ""plateaued"": false, ""spread_within_threshold"": false}, ""criterion"": {""max_improvement_ratio"": 0.1, ""max_negative_slope"": 0.0, ""max_relative_std"": 0.35, ""min_episodes"": 10, ""window"": 0.2}, ""improvement_vs_previous_window"": 0.1727, ""normalised_slope"": 0.025528, ""reason"": ""spread_within_threshold, plateaued"", ""relative_std"": 1.3962, ""window_episodes"": 37, ""window_mean"": -82.189}"
experiment_01-sparse-s47-t42,sparse,47,42,10,-148.3,159.3738093637443,-168.5,1.0,153.0,164.5,7.865,0.4,9.8,6.2,74.4,0.0,2.2,{},False,"{""checks"": {""no_negative_trend"": false, ""plateaued"": false, ""spread_within_threshold"": false}, ""criterion"": {""max_improvement_ratio"": 0.1, ""max_negative_slope"": 0.0, ""max_relative_std"": 0.35, ""min_episodes"": 10, ""window"": 0.2}, ""improvement_vs_previous_window"": 0.3855, ""normalised_slope"": -0.00729, ""reason"": ""spread_within_threshold, no_negative_trend, plateaued"", ""relative_std"": 0.7444, ""window_episodes"": 31, ""window_mean"": -184.903}"
experiment_01-sparse-s48-t42,sparse,48,42,10,-95.8,132.34449994868191,-114.5,1.0,129.9,140.0,8.052738095238094,0.8,9.8,5.8,56.0,0.0,2.7,{},False,"{""checks"": {""no_negative_trend"": false, ""plateaued"": false, ""spread_within_threshold"": false}, ""criterion"": {""max_improvement_ratio"": 0.1, ""max_negative_slope"": 0.0, ""max_relative_std"": 0.35, ""min_episodes"": 10, ""window"": 0.2}, ""improvement_vs_previous_window"": 0.3393, ""normalised_slope"": -0.008492, ""reason"": ""spread_within_threshold, no_negative_trend, plateaued"", ""relative_std"": 1.3585, ""window_episodes"": 28, ""window_mean"": -97.036}"
experiment_01-sparse-s49-t42,sparse,49,42,10,-115.6,78.93907636765063,-89.0,1.0,138.7,130.0,8.14902380952381,0.8,9.8,5.8,75.2,0.0,2.5,{},False,"{""checks"": {""no_negative_trend"": true, ""plateaued"": false, ""spread_within_threshold"": false}, ""criterion"": {""max_improvement_ratio"": 0.1, ""max_negative_slope"": 0.0, ""max_relative_std"": 0.35, ""min_episodes"": 10, ""window"": 0.2}, ""improvement_vs_previous_window"": 0.6275, ""normalised_slope"": 0.008856, ""reason"": ""spread_within_threshold, plateaued"", ""relative_std"": 1.997, ""window_episodes"": 35, ""window_mean"": -51.686}"
experiment_01-sparse-s50-t42,sparse,50,42,10,-67.6,148.79232357737934,-15.0,1.0,120.5,92.5,8.254,0.9,9.8,5.3,72.0,0.0,2.5,{},False,"{""checks"": {""no_negative_trend"": false, ""plateaued"": false, ""spread_within_threshold"": false}, ""criterion"": {""max_improvement_ratio"": 0.1, ""max_negative_slope"": 0.0, ""max_relative_std"": 0.35, ""min_episodes"": 10, ""window"": 0.2}, ""improvement_vs_previous_window"": 0.2132, ""normalised_slope"": -0.02973, ""reason"": ""spread_within_threshold, no_negative_trend, plateaued"", ""relative_std"": 1.2565, ""window_episodes"": 39, ""window_mean"": -118.59}"
experiment_01-sparse-s51-t42,sparse,51,42,10,-115.1,113.4494013499704,-106.0,1.0,138.7,137.5,8.079190476190476,0.8,9.8,5.8,52.0,0.0,2.9,{},False,"{""checks"": {""no_negative_trend"": true, ""plateaued"": false, ""spread_within_threshold"": false}, ""criterion"": {""max_improvement_ratio"": 0.1, ""max_negative_slope"": 0.0, ""max_relative_std"": 0.35, ""min_episodes"": 10, ""window"": 0.2}, ""improvement_vs_previous_window"": 0.1156, ""normalised_slope"": 0.007589, ""reason"": ""spread_within_threshold, plateaued"", ""relative_std"": 1.3443, ""window_episodes"": 32, ""window_mean"": -135.031}"
experiment_01-shaped-s42-t42,shaped,42,42,10,-190.4,132.84928804225234,-195.5,1.0,174.5,181.0,8.16847619047619,0.9,9.8,6.1,48.8,1.0,-407.63131875,{},False,"{""checks"": {""no_negative_trend"": true, ""plateaued"": true, ""spread_within_threshold"": false}, ""criterion"": {""max_improvement_ratio"": 0.1, ""max_negative_slope"": 0.0, ""max_relative_std"": 0.35, ""min_episodes"": 10, ""window"": 0.2}, ""improvement_vs_previous_window"": 0.031, ""normalised_slope"": 0.020718, ""reason"": ""spread_within_threshold"", ""relative_std"": 0.6016, ""window_episodes"": 24, ""window_mean"": -274.5}"
experiment_01-shaped-s43-t42,shaped,43,42,10,-150.3,103.46556056109793,-171.0,1.0,157.2,160.5,7.839666666666666,0.6,9.8,6.1,56.8,1.0,-269.7862375,{},False,"{""checks"": {""no_negative_trend"": true, ""plateaued"": false, ""spread_within_threshold"": false}, ""criterion"": {""max_improvement_ratio"": 0.1, ""max_negative_slope"": 0.0, ""max_relative_std"": 0.35, ""min_episodes"": 10, ""window"": 0.2}, ""improvement_vs_previous_window"": 0.1969, ""normalised_slope"": 0.009667, ""reason"": ""spread_within_threshold, plateaued"", ""relative_std"": 0.4978, ""window_episodes"": 23, ""window_mean"": -279.043}"
experiment_01-shaped-s44-t42,shaped,44,42,10,-161.6,145.19657173791828,-144.0,1.0,168.0,156.5,7.992904761904763,0.8,9.8,6.1,67.2,1.0,-324.59805625,{},False,"{""checks"": {""no_negative_trend"": false, ""plateaued"": false, ""spread_within_threshold"": false}, ""criterion"": {""max_improvement_ratio"": 0.1, ""max_negative_slope"": 0.0, ""max_relative_std"": 0.35, ""min_episodes"": 10, ""window"": 0.2}, ""improvement_vs_previous_window"": 0.4981, ""normalised_slope"": -0.017873, ""reason"": ""spread_within_threshold, no_negative_trend, plateaued"", ""relative_std"": 0.7083, ""window_episodes"": 21, ""window_mean"": -245.095}"
experiment_01-shaped-s45-t42,shaped,45,42,10,-76.4,125.5938781239843,-51.0,1.0,127.8,116.5,7.613619047619048,0.5,9.8,5.9,52.0,1.0,-212.44331874999997,{},False,"{""checks"": {""no_negative_trend"": true, ""plateaued"": false, ""spread_within_threshold"": false}, ""criterion"": {""max_improvement_ratio"": 0.1, ""max_negative_slope"": 0.0, ""max_relative_std"": 0.35, ""min_episodes"": 10, ""window"": 0.2}, ""improvement_vs_previous_window"": 0.5597, ""normalised_slope"": 0.074338, ""reason"": ""spread_within_threshold, plateaued"", ""relative_std"": 1.2527, ""window_episodes"": 25, ""window_mean"": -114.56}"
experiment_01-shaped-s46-t42,shaped,46,42,10,-494.6,364.1813345634897,-473.0,1.0,310.2,303.0,7.774428571428571,0.6,9.8,5.4,40.0,1.0,-1152.0201,{},False,"{""checks"": {""no_negative_trend"": true, ""plateaued"": false, ""spread_within_threshold"": false}, ""criterion"": {""max_improvement_ratio"": 0.1, ""max_negative_slope"": 0.0, ""max_relative_std"": 0.35, ""min_episodes"": 10, ""window"": 0.2}, ""improvement_vs_previous_window"": 0.1395, ""normalised_slope"": 0.01471, ""reason"": ""spread_within_threshold, plateaued"", ""relative_std"": 0.8426, ""window_episodes"": 22, ""window_mean"": -318.455}"
experiment_01-shaped-s47-t42,shaped,47,42,10,-113.3,115.2852019028365,-121.0,1.0,148.2,154.0,8.182666666666666,1.0,9.8,5.8,72.8,1.0,-295.41305625,{},False,"{""checks"": {""no_negative_trend"": true, ""plateaued"": false, ""spread_within_threshold"": false}, ""criterion"": {""max_improvement_ratio"": 0.1, ""max_negative_slope"": 0.0, ""max_relative_std"": 0.35, ""min_episodes"": 10, ""window"": 0.2}, ""improvement_vs_previous_window"": 0.4625, ""normalised_slope"": 0.070639, ""reason"": ""spread_within_threshold, plateaued"", ""relative_std"": 1.0869, ""window_episodes"": 23, ""window_mean"": -197.478}"
experiment_01-shaped-s48-t42,shaped,48,42,10,-130.8,213.18057030497775,-58.0,1.0,151.1,118.5,8.04479761904762,0.7,9.8,5.9,67.2,1.0,-280.98855,{},False,"{""checks"": {""no_negative_trend"": false, ""plateaued"": true, ""spread_within_threshold"": false}, ""criterion"": {""max_improvement_ratio"": 0.1, ""max_negative_slope"": 0.0, ""max_relative_std"": 0.35, ""min_episodes"": 10, ""window"": 0.2}, ""improvement_vs_previous_window"": 0.0239, ""normalised_slope"": -0.019498, ""reason"": ""spread_within_threshold, no_negative_trend"", ""relative_std"": 1.0785, ""window_episodes"": 26, ""window_mean"": -177.692}"
experiment_01-shaped-s49-t42,shaped,49,42,10,-136.4,132.2104383171011,-132.0,1.0,156.6,152.5,8.031380952380953,0.7,9.8,5.8,61.6,1.0,-280.41103125,{},False,"{""checks"": {""no_negative_trend"": true, ""plateaued"": false, ""spread_within_threshold"": false}, ""criterion"": {""max_improvement_ratio"": 0.1, ""max_negative_slope"": 0.0, ""max_relative_std"": 0.35, ""min_episodes"": 10, ""window"": 0.2}, ""improvement_vs_previous_window"": 0.3507, ""normalised_slope"": 0.047167, ""reason"": ""spread_within_threshold, plateaued"", ""relative_std"": 1.072, ""window_episodes"": 23, ""window_mean"": -205.957}"
experiment_01-shaped-s50-t42,shaped,50,42,10,-247.4,147.8927539356363,-184.0,1.0,200.9,170.5,8.070690476190475,0.8,9.8,5.6,62.4,1.0,-499.25474374999993,{},False,"{""checks"": {""no_negative_trend"": true, ""plateaued"": true, ""spread_within_threshold"": false}, ""criterion"": {""max_improvement_ratio"": 0.1, ""max_negative_slope"": 0.0, ""max_relative_std"": 0.35, ""min_episodes"": 10, ""window"": 0.2}, ""improvement_vs_previous_window"": 0.0275, ""normalised_slope"": 0.009472, ""reason"": ""spread_within_threshold"", ""relative_std"": 0.9335, ""window_episodes"": 23, ""window_mean"": -269.478}"
experiment_01-shaped-s51-t42,shaped,51,42,10,-187.8,144.1540842293412,-141.0,1.0,179.2,157.0,8.162190476190476,0.8,9.8,6.4,57.6,1.0,-397.36285624999994,{},False,"{""checks"": {""no_negative_trend"": true, ""plateaued"": false, ""spread_within_threshold"": false}, ""criterion"": {""max_improvement_ratio"": 0.1, ""max_negative_slope"": 0.0, ""max_relative_std"": 0.35, ""min_episodes"": 10, ""window"": 0.2}, ""improvement_vs_previous_window"": 0.3851, ""normalised_slope"": 0.034824, ""reason"": ""spread_within_threshold, plateaued"", ""relative_std"": 0.7576, ""window_episodes"": 22, ""window_mean"": -187.682}"
